[
  {
    "title": "",
    "tables": [
      [
        [  
          "Metric Description",
          "Computed Value",
          "Pass Indicator",
          "Rule Weight Percent",
          "Score",
          "Error Msg"
        ],
        [
          [
            "",
            "Financial bal- Submitted amt (Facility header + Professional & other services) > 4% overall $ rejected",
            "0.5432",
            "P",
            "1",
            "0",
            ""
          ],
          [
            "",
            "Financial bal- Non-Covered amt (Facility header + Professional & other services) > 4% overall $$ rejected",
            "0.7821",
            "P",
            "1",
            "0",
            ""
          ],
          [
            "",
            "Financial bal- Submitted amt (Facility header + Professional & other services) > 4% overall $ rejected",
            "0.5432",
            "P",
            "1",
            "0",
            ""
          ],
          [
            "",
            "Financial bal- Non-Covered amt (Facility header + Professional & other services) > 4% overall $$ rejected",
            "0.7821",
            "P",
            "1",
            "0",
            ""
          ],
          [
            "",
            "Financial bal- Submitted amt (Facility header + Professional & other services) > 4% overall $ rejected",
            "0.5432",
            "P",
            "1",
            "0",
            ""
          ],
          [
            "",
            "Financial bal- Non-Covered amt (Facility header + Professional & other services) > 4% overall $$ rejected",
            "0.7821",
            "P",
            "1",
            "0",
            ""
          ]
        ]
      ]
    ]
  },
  {
    "title": "Product",
    "tables": [
      [
        [
          "Metric Description",
          "Computed Value",
          "Pass Indicator",
          "Rule Weight Percent",
          "Score",
          "Error Msg"
        ],
        [
          [
            "warning_flag",
            "Product File 5% total rejected records",
            "0.0000",
            "P",
            "1",
            "0",
            "Failed due to threshold exceeded"
          ],
          [
            "warning_flag",
            "Product File 5% total rejected records",
            "0.0000",
            "P",
            "1",
            "0",
            "Failed due to threshold exceeded"
          ],
          [
            "",
            "Product File 5% total rejected records",
            "0.0000",
            "P",
            "1",
            "0",
            "Failed due to threshold exceeded"
          ],
          [
            "warning_flag",
            "Product File 5% total rejected records",
            "0.0000",
            "P",
            "1",
            "0",
            "Failed due to threshold exceeded"
          ]
        ]
      ]
    ]
  },
  {
    "title": "Facility Header",
    "tables": [
      [
        [
          "Metric Description",
          "Computed Value",
          "Pass Indicator",
          "Rule Weight Percent",
          "Score",
          "Error Msg"
        ],
        [
          [
            "warning_flag",
            "Facility header file > 5% total records",
            "0.9876",
            "P",
            "0.35",
            "0",
            "Failed due to threshold exceeded"
          ],
          [
            "warning_flag",
            "Facility header file > 5% total records",
            "0.9876",
            "P",
            "0.35",
            "0",
            "Failed due to threshold exceeded"
          ],
          [
            "warning_flag",
            "Facility header file > 5% total records",
            "0.9876",
            "P",
            "0.35",
            "0",
            "Failed due to threshold exceeded"
          ],
          [
            "",
            "Facility header file > 5% total records",
            "0.9876",
            "P",
            "0.35",
            "0",
            "Failed due to threshold exceeded"
          ]
        ]
      ],
      [
        [
          "Column Value",
          "Total Valid Amount",
          "Total Reject Amount",
          "Total Amount",
          "% Rejected",
          "Total Amount -- Excluding Denied / Secondary",
          "Total Amount -- Outpatient Only",
          "Error Msg"
        ],
        [
          [
            "warning_flag",
            "Submitted Amount",
            "$758,955,493.90",
            "$620,980,783.90",
            "$760,989,890.98",
            "0.89",
            "$669,518,811.90",
            "$163.11",
            "Failed due to threshold exceeded"
          ],
          [
            "warning_flag",
            "Copay",
            "$265,897,765.80",
            "$1,678,342.88",
            "$39,989,875.88",
            "1.01",
            "$653,987,812.23",
            "$0.00",
            "Failed due to threshold exceeded"
          ]
        ]
      ]
    ]
  },
  {
    "title": "Pharmacy",
    "tables": [
      [
        [  
          "Metric Description",
          "Computed Value",
          "Pass Indicator",
          "Rule Weight Percent",
          "Score",
          "Error Msg"
        ],
        [
          [
            "warning_flag",
            "Product File 5% total rejected records",
            "0.0000",
            "P",
            "1",
            "0",
            "Failed due to threshold exceeded"
          ],
          [
            "warning_flag",
            "Facility header file > 5% total records",
            "0.9876",
            "P",
            "0.35",
            "0",
            "Failed due to threshold exceeded"
          ],
          [
            "",
            "Product File 5% total rejected records",
            "0.0000",
            "P",
            "1",
            "0",
            "Failed due to threshold exceeded"
          ],
          [
            "",
            "Facility header file > 5% total records",
            "0.9876",
            "P",
            "0.35",
            "0",
            "Failed due to threshold exceeded"
          ]
        ]
      ],
      [
        [
          "Column Value",
          "Total Valid Amount",
          "Total Reject Amount",
          "Total Amount",
          "% Rejected",
          "Total Amount -- Excluding Denied / Secondary",
          "Total Amount -- Outpatient Only",
          "Error Msg"
        ],
        [
          [
            "warning_flag",
            "Submitted Amount",
            "$758,955,493.90",
            "$620,980,783.90",
            "$760,989,890.98",
            "0.89",
            "$669,518,811.90",
            "$163.11",
            "Failed due to threshold exceeded"
          ],
          [
            "warning_flag",
            "Copay",
            "$265,897,765.80",
            "$1,678,342.88",
            "$39,989,875.88",
            "1.01",
            "$653,987,812.23",
            "$0.00",
            "Failed due to threshold exceeded"
          ],
          [
            "",
            "Submitted Amount",
            "$758,955,493.90",
            "$620,980,783.90",
            "$760,989,890.98",
            "0.89",
            "$669,518,811.90",
            "$163.11",
            "Failed due to threshold exceeded"
          ],
          [
            "",
            "Copay",
            "$265,897,765.80",
            "$1,678,342.88",
            "$39,989,875.88",
            "1.01",
            "$653,987,812.23",
            "$0.00",
            "Failed due to threshold exceeded"
          ]
        ]
      ],
      [
        [
          "Scripts in submission",
          "Scripts in submission",
          "Error Msg"
        ],
        [
          [
            "warning_flag",
            "Valid records",
            "475,159",
            "Failed due to threshold exceeded"
          ],
          [
            "",
            "Voided records",
            "29,416",
            "Failed due to threshold exceeded"
          ]
        ]
      ]
    ]
  },
  {
    "title": "Pharmacy Benefit Tiers",
    "tables": [
      [
        [
          "Field In Value",
          "Frequency Count",
          "Error Msg"
        ],
        [
          [
            "warning_flag",
            "09",
            "821",
            "Failed due to threshold exceeded"
          ],
          [
            "warning_flag",
            "08",
            "2,319",
            "Failed due to threshold exceeded"
          ],
          [
            "",
            "09",
            "821",
            "Failed due to threshold exceeded"
          ],
          [
            "",
            "08",
            "2,319",
            "Failed due to threshold exceeded"
          ],
          [
            "",
            "09",
            "821",
            "Failed due to threshold exceeded"
          ],
          [
            "",
            "08",
            "2,319",
            "Failed due to threshold exceeded"
          ]
        ]
      ],
      [
        [  
          "Metric Description",
          "Computed Value",
          "Pass Indicator",
          "Rule Weight Percent",
          "Score",
          "Error Msg"
        ],
        [
          [
            "warning_flag",
            "Account report file > 10% total rejected records",
            "0.0000",
            "P",
            "1",
            "0",
            "Failed due to threshold exceeded"
          ],
          [
            "",
            "Account report file > 10% total rejected records",
            "0.0000",
            "P",
            "1",
            "0",
            "Failed due to threshold exceeded"
          ],
          [
            "",
            "Account report file > 10% total rejected records",
            "0.0000",
            "P",
            "1",
            "0",
            "Failed due to threshold exceeded"
          ]
        ]
      ]
    ]
  }
]
