[
  {
    "name": "Product 1",
    "data": {
      "id": "100",
      "planId": "1",
      "planName": "Plan 1",
      "category": "Category 1",
      "planCategory": "Plan Category 1",
      "traceabilityField": "Traceability Field 1"
    }
  },
  {
    "name": "Product 2",
    "data": {
      "id": "200",
      "planId": "2",
      "planName": "Plan 2",
      "category": "Category 2",
      "planCategory": "Plan Category 2",
      "traceabilityField": "Traceability Field 2"
    }
  },
  {
    "name": "Product 3",
    "data": {
      "id": "300",
      "planId": "3",
      "planName": "Plan 3",
      "category": "Category 3",
      "planCategory": "Plan Category 3",
      "traceabilityField": "Traceability Field 3"
    }
  },
  {
    "name": "Product 4",
    "data": {
      "id": "400",
      "planId": "4",
      "planName": "Plan 4",
      "category": "Category 4",
      "planCategory": "Plan Category 4",
      "traceabilityField": "Traceability Field 4"
    }
  },
  {
    "name": "Product 5",
    "data": {
      "id": "500",
      "planId": "5",
      "planName": "Plan 5",
      "category": "Category 5",
      "planCategory": "Plan Category 5",
      "traceabilityField": "Traceability Field 5"
    }
  },
  {
    "name": "Product 6",
    "data": {
      "id": "600",
      "planId": "6",
      "planName": "Plan 6",
      "category": "Category 6",
      "planCategory": "Plan Category 6",
      "traceabilityField": "Traceability Field 6"
    }
  }
]
