{
	"submissionId": 2830,
	"submissionType": "ANTHEM",
	"totalscore": 0.0,
	"totalPassFail": "PASS",
	"total_Flag": 0,
	"l2Reports": [
		{
			"fileName": "FACILITY_HEADER",
			"fileOrderNumber": 1,
			"metricTable": [
				{
					"metricOrderNumber": 1,
					"metricDescription": "Financial Balance - Allowed Amount (Facility Header + Professional & Other Services) > 2% overall $$ rejected",
					"computedValue": "0",
					"ruleWeightPercent": 1.0,
					"score": 0.0,
					"passIndicator": null,
					"totalPassFail": "PASS",
					"total_Flag": 0,
					"flag": 0,
					"errorMessage": "-"
				},
				{
					"metricOrderNumber": 2,
					"metricDescription": "Financial Balance - Submitted Amount (Facility Header + Professional & Other Services) > 4% overall $$ rejected",
					"computedValue": "0",
					"ruleWeightPercent": 1.0,
					"score": 0.0,
					"passIndicator": null,
					"totalPassFail": "PASS",
					"total_Flag": 0,
					"flag": 0,
					"errorMessage": "-"
				},
				{
					"metricOrderNumber": 3,
					"metricDescription": "Financial Balance - Non-Covered Amount (Facility Header + Professional & Other Services) > 4% overall $$ rejected",
					"computedValue": "0",
					"ruleWeightPercent": 1.0,
					"score": 0.0,
					"passIndicator": null,
					"totalPassFail": "PASS",
					"total_Flag": 0,
					"flag": 0,
					"errorMessage": "-"
				},
				{
					"metricOrderNumber": 4,
					"metricDescription": "Financial Balance - Payment Amount (Facility Header + Professional & Other Services) > 2% overall $$ rejected",
					"computedValue": "0",
					"ruleWeightPercent": 1.0,
					"score": 0.0,
					"passIndicator": null,
					"totalPassFail": "PASS",
					"total_Flag": 0,
					"flag": 0,
					"errorMessage": "-"
				},
				{
					"metricOrderNumber": 5,
					"metricDescription": "Financial Balance - Inpatient/Outpatient Facility Header & Detail Variance - Submitted Amount > 2% variance in the sum of valid detail records compared to the header record",
					"computedValue": "0",
					"ruleWeightPercent": 1.0,
					"score": 0.0,
					"passIndicator": null,
					"totalPassFail": "PASS",
					"total_Flag": 0,
					"flag": 0,
					"errorMessage": "-"
				},
				{
					"metricOrderNumber": 6,
					"metricDescription": "Financial Balance - Outpatient Facility Header & Detail Variance - Allowed Amount > 2% variance in the sum of valid detail records compared to the header record",
					"computedValue": "0",
					"ruleWeightPercent": 1.0,
					"score": 0.0,
					"passIndicator": null,
					"totalPassFail": "PASS",
					"total_Flag": 0,
					"flag": 0,
					"errorMessage": "-"
				},
				{
					"metricOrderNumber": 7,
					"metricDescription": "Financial Balance - Outpatient Facility Header & Detail Variance - Submitted Amount > 2% variance in the sum of valid detail records compared to the header record",
					"computedValue": "0",
					"ruleWeightPercent": 1.0,
					"score": 0.0,
					"passIndicator": null,
					"totalPassFail": "PASS",
					"total_Flag": 0,
					"flag": 0,
					"errorMessage": "-"
				},
				{
					"metricOrderNumber": 8,
					"metricDescription": "Financial Balance - Outpatient Facility Header & Detail Variance - Non-Covered Amount > 2% variance in the sum of valid detail records compared to the header record",
					"computedValue": "0",
					"ruleWeightPercent": 1.0,
					"score": 0.0,
					"passIndicator": null,
					"totalPassFail": "PASS",
					"total_Flag": 0,
					"flag": 0,
					"errorMessage": "-"
				},
				{
					"metricOrderNumber": 9,
					"metricDescription": "Financial Balance - Outpatient Facility Header & Detail Variance - Payment Amount > 2% variance in the sum of valid detail records compared to the header record",
					"computedValue": "0",
					"ruleWeightPercent": 1.0,
					"score": 0.0,
					"passIndicator": null,
					"totalPassFail": "PASS",
					"total_Flag": 0,
					"flag": 0,
					"errorMessage": "-"
				},
				{
					"metricOrderNumber": 1,
					"metricDescription": "Financial Balance - Allowed Amount (Facility Header + Professional & Other Services) > 2% overall $$ rejected",
					"computedValue": "0",
					"ruleWeightPercent": 1.0,
					"score": 0.0,
					"passIndicator": null,
					"totalPassFail": "PASS",
					"total_Flag": 0,
					"flag": 0,
					"errorMessage": "-"
				},
				{
					"metricOrderNumber": 2,
					"metricDescription": "Financial Balance - Submitted Amount (Facility Header + Professional & Other Services) > 4% overall $$ rejected",
					"computedValue": "0",
					"ruleWeightPercent": 1.0,
					"score": 0.0,
					"passIndicator": null,
					"totalPassFail": "PASS",
					"total_Flag": 0,
					"flag": 0,
					"errorMessage": "-"
				},
				{
					"metricOrderNumber": 3,
					"metricDescription": "Financial Balance - Non-Covered Amount (Facility Header + Professional & Other Services) > 4% overall $$ rejected",
					"computedValue": "0",
					"ruleWeightPercent": 1.0,
					"score": 0.0,
					"passIndicator": null,
					"totalPassFail": "PASS",
					"total_Flag": 0,
					"flag": 0,
					"errorMessage": "-"
				},
				{
					"metricOrderNumber": 4,
					"metricDescription": "Financial Balance - Payment Amount (Facility Header + Professional & Other Services) > 2% overall $$ rejected",
					"computedValue": "0",
					"ruleWeightPercent": 1.0,
					"score": 0.0,
					"passIndicator": null,
					"totalPassFail": "PASS",
					"total_Flag": 0,
					"flag": 0,
					"errorMessage": "-"
				},
				{
					"metricOrderNumber": 5,
					"metricDescription": "Financial Balance - Inpatient/Outpatient Facility Header & Detail Variance - Submitted Amount > 2% variance in the sum of valid detail records compared to the header record",
					"computedValue": "0",
					"ruleWeightPercent": 1.0,
					"score": 0.0,
					"passIndicator": null,
					"totalPassFail": "PASS",
					"total_Flag": 0,
					"flag": 0,
					"errorMessage": "-"
				},
				{
					"metricOrderNumber": 6,
					"metricDescription": "Financial Balance - Outpatient Facility Header & Detail Variance - Allowed Amount > 2% variance in the sum of valid detail records compared to the header record",
					"computedValue": "0",
					"ruleWeightPercent": 1.0,
					"score": 0.0,
					"passIndicator": null,
					"totalPassFail": "PASS",
					"total_Flag": 0,
					"flag": 0,
					"errorMessage": "-"
				},
				{
					"metricOrderNumber": 7,
					"metricDescription": "Financial Balance - Outpatient Facility Header & Detail Variance - Submitted Amount > 2% variance in the sum of valid detail records compared to the header record",
					"computedValue": "0",
					"ruleWeightPercent": 1.0,
					"score": 0.0,
					"passIndicator": null,
					"totalPassFail": "PASS",
					"total_Flag": 0,
					"flag": 0,
					"errorMessage": "-"
				},
				{
					"metricOrderNumber": 8,
					"metricDescription": "Financial Balance - Outpatient Facility Header & Detail Variance - Non-Covered Amount > 2% variance in the sum of valid detail records compared to the header record",
					"computedValue": "0",
					"ruleWeightPercent": 1.0,
					"score": 0.0,
					"passIndicator": null,
					"totalPassFail": "PASS",
					"total_Flag": 0,
					"flag": 0,
					"errorMessage": "-"
				},
				{
					"metricOrderNumber": 9,
					"metricDescription": "Financial Balance - Outpatient Facility Header & Detail Variance - Payment Amount > 2% variance in the sum of valid detail records compared to the header record",
					"computedValue": "0",
					"ruleWeightPercent": 1.0,
					"score": 0.0,
					"passIndicator": null,
					"totalPassFail": "PASS",
					"total_Flag": 0,
					"flag": 0,
					"errorMessage": "-"
				},
				{
					"metricOrderNumber": 1,
					"metricDescription": "Financial Balance - Allowed Amount (Facility Header + Professional & Other Services) > 2% overall $$ rejected",
					"computedValue": "0",
					"ruleWeightPercent": 1.0,
					"score": 0.0,
					"passIndicator": null,
					"totalPassFail": "PASS",
					"total_Flag": 0,
					"flag": 0,
					"errorMessage": "-"
				},
				{
					"metricOrderNumber": 2,
					"metricDescription": "Financial Balance - Submitted Amount (Facility Header + Professional & Other Services) > 4% overall $$ rejected",
					"computedValue": "0",
					"ruleWeightPercent": 1.0,
					"score": 0.0,
					"passIndicator": null,
					"totalPassFail": "PASS",
					"total_Flag": 0,
					"flag": 0,
					"errorMessage": "-"
				},
				{
					"metricOrderNumber": 3,
					"metricDescription": "Financial Balance - Non-Covered Amount (Facility Header + Professional & Other Services) > 4% overall $$ rejected",
					"computedValue": "0",
					"ruleWeightPercent": 1.0,
					"score": 0.0,
					"passIndicator": null,
					"totalPassFail": "PASS",
					"total_Flag": 0,
					"flag": 0,
					"errorMessage": "-"
				},
				{
					"metricOrderNumber": 4,
					"metricDescription": "Financial Balance - Payment Amount (Facility Header + Professional & Other Services) > 2% overall $$ rejected",
					"computedValue": "0",
					"ruleWeightPercent": 1.0,
					"score": 0.0,
					"passIndicator": null,
					"totalPassFail": "PASS",
					"total_Flag": 0,
					"flag": 0,
					"errorMessage": "-"
				},
				{
					"metricOrderNumber": 5,
					"metricDescription": "Financial Balance - Inpatient/Outpatient Facility Header & Detail Variance - Submitted Amount > 2% variance in the sum of valid detail records compared to the header record",
					"computedValue": "0",
					"ruleWeightPercent": 1.0,
					"score": 0.0,
					"passIndicator": null,
					"totalPassFail": "PASS",
					"total_Flag": 0,
					"flag": 0,
					"errorMessage": "-"
				},
				{
					"metricOrderNumber": 6,
					"metricDescription": "Financial Balance - Outpatient Facility Header & Detail Variance - Allowed Amount > 2% variance in the sum of valid detail records compared to the header record",
					"computedValue": "0",
					"ruleWeightPercent": 1.0,
					"score": 0.0,
					"passIndicator": null,
					"totalPassFail": "PASS",
					"total_Flag": 0,
					"flag": 0,
					"errorMessage": "-"
				},
				{
					"metricOrderNumber": 7,
					"metricDescription": "Financial Balance - Outpatient Facility Header & Detail Variance - Submitted Amount > 2% variance in the sum of valid detail records compared to the header record",
					"computedValue": "0",
					"ruleWeightPercent": 1.0,
					"score": 0.0,
					"passIndicator": null,
					"totalPassFail": "PASS",
					"total_Flag": 0,
					"flag": 0,
					"errorMessage": "-"
				},
				{
					"metricOrderNumber": 8,
					"metricDescription": "Financial Balance - Outpatient Facility Header & Detail Variance - Non-Covered Amount > 2% variance in the sum of valid detail records compared to the header record",
					"computedValue": "0",
					"ruleWeightPercent": 1.0,
					"score": 0.0,
					"passIndicator": null,
					"totalPassFail": "PASS",
					"total_Flag": 0,
					"flag": 0,
					"errorMessage": "-"
				},
				{
					"metricOrderNumber": 9,
					"metricDescription": "Financial Balance - Outpatient Facility Header & Detail Variance - Payment Amount > 2% variance in the sum of valid detail records compared to the header record",
					"computedValue": "0",
					"ruleWeightPercent": 1.0,
					"score": 0.0,
					"passIndicator": null,
					"totalPassFail": "PASS",
					"total_Flag": 0,
					"flag": 0,
					"errorMessage": "-"
				},
				{
					"metricOrderNumber": 1,
					"metricDescription": "Financial Balance - Allowed Amount (Facility Header + Professional & Other Services) > 2% overall $$ rejected",
					"computedValue": "0",
					"ruleWeightPercent": 1.0,
					"score": 0.0,
					"passIndicator": null,
					"totalPassFail": "PASS",
					"total_Flag": 0,
					"flag": 0,
					"errorMessage": "-"
				},
				{
					"metricOrderNumber": 2,
					"metricDescription": "Financial Balance - Submitted Amount (Facility Header + Professional & Other Services) > 4% overall $$ rejected",
					"computedValue": "0",
					"ruleWeightPercent": 1.0,
					"score": 0.0,
					"passIndicator": null,
					"totalPassFail": "PASS",
					"total_Flag": 0,
					"flag": 0,
					"errorMessage": "-"
				},
				{
					"metricOrderNumber": 3,
					"metricDescription": "Financial Balance - Non-Covered Amount (Facility Header + Professional & Other Services) > 4% overall $$ rejected",
					"computedValue": "0",
					"ruleWeightPercent": 1.0,
					"score": 0.0,
					"passIndicator": null,
					"totalPassFail": "PASS",
					"total_Flag": 0,
					"flag": 0,
					"errorMessage": "-"
				},
				{
					"metricOrderNumber": 4,
					"metricDescription": "Financial Balance - Payment Amount (Facility Header + Professional & Other Services) > 2% overall $$ rejected",
					"computedValue": "0",
					"ruleWeightPercent": 1.0,
					"score": 0.0,
					"passIndicator": null,
					"totalPassFail": "PASS",
					"total_Flag": 0,
					"flag": 0,
					"errorMessage": "-"
				},
				{
					"metricOrderNumber": 5,
					"metricDescription": "Financial Balance - Inpatient/Outpatient Facility Header & Detail Variance - Submitted Amount > 2% variance in the sum of valid detail records compared to the header record",
					"computedValue": "0",
					"ruleWeightPercent": 1.0,
					"score": 0.0,
					"passIndicator": null,
					"totalPassFail": "PASS",
					"total_Flag": 0,
					"flag": 0,
					"errorMessage": "-"
				},
				{
					"metricOrderNumber": 6,
					"metricDescription": "Financial Balance - Outpatient Facility Header & Detail Variance - Allowed Amount > 2% variance in the sum of valid detail records compared to the header record",
					"computedValue": "0",
					"ruleWeightPercent": 1.0,
					"score": 0.0,
					"passIndicator": null,
					"totalPassFail": "PASS",
					"total_Flag": 0,
					"flag": 0,
					"errorMessage": "-"
				},
				{
					"metricOrderNumber": 7,
					"metricDescription": "Financial Balance - Outpatient Facility Header & Detail Variance - Submitted Amount > 2% variance in the sum of valid detail records compared to the header record",
					"computedValue": "0",
					"ruleWeightPercent": 1.0,
					"score": 0.0,
					"passIndicator": null,
					"totalPassFail": "PASS",
					"total_Flag": 0,
					"flag": 0,
					"errorMessage": "-"
				},
				{
					"metricOrderNumber": 8,
					"metricDescription": "Financial Balance - Outpatient Facility Header & Detail Variance - Non-Covered Amount > 2% variance in the sum of valid detail records compared to the header record",
					"computedValue": "0",
					"ruleWeightPercent": 1.0,
					"score": 0.0,
					"passIndicator": null,
					"totalPassFail": "PASS",
					"total_Flag": 0,
					"flag": 0,
					"errorMessage": "-"
				},
				{
					"metricOrderNumber": 9,
					"metricDescription": "Financial Balance - Outpatient Facility Header & Detail Variance - Payment Amount > 2% variance in the sum of valid detail records compared to the header record",
					"computedValue": "0",
					"ruleWeightPercent": 1.0,
					"score": 0.0,
					"passIndicator": null,
					"totalPassFail": "PASS",
					"total_Flag": 0,
					"flag": 0,
					"errorMessage": "-"
				},
				{
					"metricOrderNumber": 1,
					"metricDescription": "Financial Balance - Allowed Amount (Facility Header + Professional & Other Services) > 2% overall $$ rejected",
					"computedValue": "0",
					"ruleWeightPercent": 1.0,
					"score": 0.0,
					"passIndicator": null,
					"totalPassFail": "PASS",
					"total_Flag": 0,
					"flag": 0,
					"errorMessage": "-"
				},
				{
					"metricOrderNumber": 2,
					"metricDescription": "Financial Balance - Submitted Amount (Facility Header + Professional & Other Services) > 4% overall $$ rejected",
					"computedValue": "0",
					"ruleWeightPercent": 1.0,
					"score": 0.0,
					"passIndicator": null,
					"totalPassFail": "PASS",
					"total_Flag": 0,
					"flag": 0,
					"errorMessage": "-"
				},
				{
					"metricOrderNumber": 3,
					"metricDescription": "Financial Balance - Non-Covered Amount (Facility Header + Professional & Other Services) > 4% overall $$ rejected",
					"computedValue": "0",
					"ruleWeightPercent": 1.0,
					"score": 0.0,
					"passIndicator": null,
					"totalPassFail": "PASS",
					"total_Flag": 0,
					"flag": 0,
					"errorMessage": "-"
				},
				{
					"metricOrderNumber": 4,
					"metricDescription": "Financial Balance - Payment Amount (Facility Header + Professional & Other Services) > 2% overall $$ rejected",
					"computedValue": "0",
					"ruleWeightPercent": 1.0,
					"score": 0.0,
					"passIndicator": null,
					"totalPassFail": "PASS",
					"total_Flag": 0,
					"flag": 0,
					"errorMessage": "-"
				},
				{
					"metricOrderNumber": 5,
					"metricDescription": "Financial Balance - Inpatient/Outpatient Facility Header & Detail Variance - Submitted Amount > 2% variance in the sum of valid detail records compared to the header record",
					"computedValue": "0",
					"ruleWeightPercent": 1.0,
					"score": 0.0,
					"passIndicator": null,
					"totalPassFail": "PASS",
					"total_Flag": 0,
					"flag": 0,
					"errorMessage": "-"
				},
				{
					"metricOrderNumber": 6,
					"metricDescription": "Financial Balance - Outpatient Facility Header & Detail Variance - Allowed Amount > 2% variance in the sum of valid detail records compared to the header record",
					"computedValue": "0",
					"ruleWeightPercent": 1.0,
					"score": 0.0,
					"passIndicator": null,
					"totalPassFail": "PASS",
					"total_Flag": 0,
					"flag": 0,
					"errorMessage": "-"
				},
				{
					"metricOrderNumber": 7,
					"metricDescription": "Financial Balance - Outpatient Facility Header & Detail Variance - Submitted Amount > 2% variance in the sum of valid detail records compared to the header record",
					"computedValue": "0",
					"ruleWeightPercent": 1.0,
					"score": 0.0,
					"passIndicator": null,
					"totalPassFail": "PASS",
					"total_Flag": 0,
					"flag": 0,
					"errorMessage": "-"
				},
				{
					"metricOrderNumber": 8,
					"metricDescription": "Financial Balance - Outpatient Facility Header & Detail Variance - Non-Covered Amount > 2% variance in the sum of valid detail records compared to the header record",
					"computedValue": "0",
					"ruleWeightPercent": 1.0,
					"score": 0.0,
					"passIndicator": null,
					"totalPassFail": "PASS",
					"total_Flag": 0,
					"flag": 0,
					"errorMessage": "-"
				},
				{
					"metricOrderNumber": 9,
					"metricDescription": "Financial Balance - Outpatient Facility Header & Detail Variance - Payment Amount > 2% variance in the sum of valid detail records compared to the header record",
					"computedValue": "0",
					"ruleWeightPercent": 1.0,
					"score": 0.0,
					"passIndicator": null,
					"totalPassFail": "PASS",
					"total_Flag": 0,
					"flag": 0,
					"errorMessage": "-"
				},
				{
					"metricOrderNumber": 1,
					"metricDescription": "Financial Balance - Allowed Amount (Facility Header + Professional & Other Services) > 2% overall $$ rejected",
					"computedValue": "0",
					"ruleWeightPercent": 1.0,
					"score": 0.0,
					"passIndicator": null,
					"totalPassFail": "PASS",
					"total_Flag": 0,
					"flag": 0,
					"errorMessage": "-"
				},
				{
					"metricOrderNumber": 2,
					"metricDescription": "Financial Balance - Submitted Amount (Facility Header + Professional & Other Services) > 4% overall $$ rejected",
					"computedValue": "0",
					"ruleWeightPercent": 1.0,
					"score": 0.0,
					"passIndicator": null,
					"totalPassFail": "PASS",
					"total_Flag": 0,
					"flag": 0,
					"errorMessage": "-"
				},
				{
					"metricOrderNumber": 3,
					"metricDescription": "Financial Balance - Non-Covered Amount (Facility Header + Professional & Other Services) > 4% overall $$ rejected",
					"computedValue": "0",
					"ruleWeightPercent": 1.0,
					"score": 0.0,
					"passIndicator": null,
					"totalPassFail": "PASS",
					"total_Flag": 0,
					"flag": 0,
					"errorMessage": "-"
				},
				{
					"metricOrderNumber": 4,
					"metricDescription": "Financial Balance - Payment Amount (Facility Header + Professional & Other Services) > 2% overall $$ rejected",
					"computedValue": "0",
					"ruleWeightPercent": 1.0,
					"score": 0.0,
					"passIndicator": null,
					"totalPassFail": "PASS",
					"total_Flag": 0,
					"flag": 0,
					"errorMessage": "-"
				},
				{
					"metricOrderNumber": 5,
					"metricDescription": "Financial Balance - Inpatient/Outpatient Facility Header & Detail Variance - Submitted Amount > 2% variance in the sum of valid detail records compared to the header record",
					"computedValue": "0",
					"ruleWeightPercent": 1.0,
					"score": 0.0,
					"passIndicator": null,
					"totalPassFail": "PASS",
					"total_Flag": 0,
					"flag": 0,
					"errorMessage": "-"
				},
				{
					"metricOrderNumber": 6,
					"metricDescription": "Financial Balance - Outpatient Facility Header & Detail Variance - Allowed Amount > 2% variance in the sum of valid detail records compared to the header record",
					"computedValue": "0",
					"ruleWeightPercent": 1.0,
					"score": 0.0,
					"passIndicator": null,
					"totalPassFail": "PASS",
					"total_Flag": 0,
					"flag": 0,
					"errorMessage": "-"
				},
				{
					"metricOrderNumber": 7,
					"metricDescription": "Financial Balance - Outpatient Facility Header & Detail Variance - Submitted Amount > 2% variance in the sum of valid detail records compared to the header record",
					"computedValue": "0",
					"ruleWeightPercent": 1.0,
					"score": 0.0,
					"passIndicator": null,
					"totalPassFail": "PASS",
					"total_Flag": 0,
					"flag": 0,
					"errorMessage": "-"
				},
				{
					"metricOrderNumber": 8,
					"metricDescription": "Financial Balance - Outpatient Facility Header & Detail Variance - Non-Covered Amount > 2% variance in the sum of valid detail records compared to the header record",
					"computedValue": "0",
					"ruleWeightPercent": 1.0,
					"score": 0.0,
					"passIndicator": null,
					"totalPassFail": "PASS",
					"total_Flag": 0,
					"flag": 0,
					"errorMessage": "-"
				},
				{
					"metricOrderNumber": 9,
					"metricDescription": "Financial Balance - Outpatient Facility Header & Detail Variance - Payment Amount > 2% variance in the sum of valid detail records compared to the header record",
					"computedValue": "0",
					"ruleWeightPercent": 1.0,
					"score": 0.0,
					"passIndicator": null,
					"totalPassFail": "PASS",
					"total_Flag": 0,
					"flag": 0,
					"errorMessage": "-"
				},
				{
					"metricOrderNumber": 1,
					"metricDescription": "Financial Balance - Allowed Amount (Facility Header + Professional & Other Services) > 2% overall $$ rejected",
					"computedValue": "0",
					"ruleWeightPercent": 1.0,
					"score": 0.0,
					"passIndicator": null,
					"totalPassFail": "PASS",
					"total_Flag": 0,
					"flag": 0,
					"errorMessage": "-"
				},
				{
					"metricOrderNumber": 2,
					"metricDescription": "Financial Balance - Submitted Amount (Facility Header + Professional & Other Services) > 4% overall $$ rejected",
					"computedValue": "0",
					"ruleWeightPercent": 1.0,
					"score": 0.0,
					"passIndicator": null,
					"totalPassFail": "PASS",
					"total_Flag": 0,
					"flag": 0,
					"errorMessage": "-"
				},
				{
					"metricOrderNumber": 3,
					"metricDescription": "Financial Balance - Non-Covered Amount (Facility Header + Professional & Other Services) > 4% overall $$ rejected",
					"computedValue": "0",
					"ruleWeightPercent": 1.0,
					"score": 0.0,
					"passIndicator": null,
					"totalPassFail": "PASS",
					"total_Flag": 0,
					"flag": 0,
					"errorMessage": "-"
				},
				{
					"metricOrderNumber": 4,
					"metricDescription": "Financial Balance - Payment Amount (Facility Header + Professional & Other Services) > 2% overall $$ rejected",
					"computedValue": "0",
					"ruleWeightPercent": 1.0,
					"score": 0.0,
					"passIndicator": null,
					"totalPassFail": "PASS",
					"total_Flag": 0,
					"flag": 0,
					"errorMessage": "-"
				},
				{
					"metricOrderNumber": 5,
					"metricDescription": "Financial Balance - Inpatient/Outpatient Facility Header & Detail Variance - Submitted Amount > 2% variance in the sum of valid detail records compared to the header record",
					"computedValue": "0",
					"ruleWeightPercent": 1.0,
					"score": 0.0,
					"passIndicator": null,
					"totalPassFail": "PASS",
					"total_Flag": 0,
					"flag": 0,
					"errorMessage": "-"
				},
				{
					"metricOrderNumber": 6,
					"metricDescription": "Financial Balance - Outpatient Facility Header & Detail Variance - Allowed Amount > 2% variance in the sum of valid detail records compared to the header record",
					"computedValue": "0",
					"ruleWeightPercent": 1.0,
					"score": 0.0,
					"passIndicator": null,
					"totalPassFail": "PASS",
					"total_Flag": 0,
					"flag": 0,
					"errorMessage": "-"
				},
				{
					"metricOrderNumber": 7,
					"metricDescription": "Financial Balance - Outpatient Facility Header & Detail Variance - Submitted Amount > 2% variance in the sum of valid detail records compared to the header record",
					"computedValue": "0",
					"ruleWeightPercent": 1.0,
					"score": 0.0,
					"passIndicator": null,
					"totalPassFail": "PASS",
					"total_Flag": 0,
					"flag": 0,
					"errorMessage": "-"
				},
				{
					"metricOrderNumber": 8,
					"metricDescription": "Financial Balance - Outpatient Facility Header & Detail Variance - Non-Covered Amount > 2% variance in the sum of valid detail records compared to the header record",
					"computedValue": "0",
					"ruleWeightPercent": 1.0,
					"score": 0.0,
					"passIndicator": null,
					"totalPassFail": "PASS",
					"total_Flag": 0,
					"flag": 0,
					"errorMessage": "-"
				},
				{
					"metricOrderNumber": 9,
					"metricDescription": "Financial Balance - Outpatient Facility Header & Detail Variance - Payment Amount > 2% variance in the sum of valid detail records compared to the header record",
					"computedValue": "0",
					"ruleWeightPercent": 1.0,
					"score": 0.0,
					"passIndicator": null,
					"totalPassFail": "PASS",
					"total_Flag": 0,
					"flag": 0,
					"errorMessage": "-"
				},
				{
					"metricOrderNumber": 1,
					"metricDescription": "Financial Balance - Allowed Amount (Facility Header + Professional & Other Services) > 2% overall $$ rejected",
					"computedValue": "0",
					"ruleWeightPercent": 1.0,
					"score": 0.0,
					"passIndicator": null,
					"totalPassFail": "PASS",
					"total_Flag": 0,
					"flag": 0,
					"errorMessage": "-"
				},
				{
					"metricOrderNumber": 2,
					"metricDescription": "Financial Balance - Submitted Amount (Facility Header + Professional & Other Services) > 4% overall $$ rejected",
					"computedValue": "0",
					"ruleWeightPercent": 1.0,
					"score": 0.0,
					"passIndicator": null,
					"totalPassFail": "PASS",
					"total_Flag": 0,
					"flag": 0,
					"errorMessage": "-"
				},
				{
					"metricOrderNumber": 3,
					"metricDescription": "Financial Balance - Non-Covered Amount (Facility Header + Professional & Other Services) > 4% overall $$ rejected",
					"computedValue": "0",
					"ruleWeightPercent": 1.0,
					"score": 0.0,
					"passIndicator": null,
					"totalPassFail": "PASS",
					"total_Flag": 0,
					"flag": 0,
					"errorMessage": "-"
				},
				{
					"metricOrderNumber": 4,
					"metricDescription": "Financial Balance - Payment Amount (Facility Header + Professional & Other Services) > 2% overall $$ rejected",
					"computedValue": "0",
					"ruleWeightPercent": 1.0,
					"score": 0.0,
					"passIndicator": null,
					"totalPassFail": "PASS",
					"total_Flag": 0,
					"flag": 0,
					"errorMessage": "-"
				},
				{
					"metricOrderNumber": 5,
					"metricDescription": "Financial Balance - Inpatient/Outpatient Facility Header & Detail Variance - Submitted Amount > 2% variance in the sum of valid detail records compared to the header record",
					"computedValue": "0",
					"ruleWeightPercent": 1.0,
					"score": 0.0,
					"passIndicator": null,
					"totalPassFail": "PASS",
					"total_Flag": 0,
					"flag": 0,
					"errorMessage": "-"
				},
				{
					"metricOrderNumber": 6,
					"metricDescription": "Financial Balance - Outpatient Facility Header & Detail Variance - Allowed Amount > 2% variance in the sum of valid detail records compared to the header record",
					"computedValue": "0",
					"ruleWeightPercent": 1.0,
					"score": 0.0,
					"passIndicator": null,
					"totalPassFail": "PASS",
					"total_Flag": 0,
					"flag": 0,
					"errorMessage": "-"
				},
				{
					"metricOrderNumber": 7,
					"metricDescription": "Financial Balance - Outpatient Facility Header & Detail Variance - Submitted Amount > 2% variance in the sum of valid detail records compared to the header record",
					"computedValue": "0",
					"ruleWeightPercent": 1.0,
					"score": 0.0,
					"passIndicator": null,
					"totalPassFail": "PASS",
					"total_Flag": 0,
					"flag": 0,
					"errorMessage": "-"
				},
				{
					"metricOrderNumber": 8,
					"metricDescription": "Financial Balance - Outpatient Facility Header & Detail Variance - Non-Covered Amount > 2% variance in the sum of valid detail records compared to the header record",
					"computedValue": "0",
					"ruleWeightPercent": 1.0,
					"score": 0.0,
					"passIndicator": null,
					"totalPassFail": "PASS",
					"total_Flag": 0,
					"flag": 0,
					"errorMessage": "-"
				},
				{
					"metricOrderNumber": 9,
					"metricDescription": "Financial Balance - Outpatient Facility Header & Detail Variance - Payment Amount > 2% variance in the sum of valid detail records compared to the header record",
					"computedValue": "0",
					"ruleWeightPercent": 1.0,
					"score": 0.0,
					"passIndicator": null,
					"totalPassFail": "PASS",
					"total_Flag": 0,
					"flag": 0,
					"errorMessage": "-"
				},
				{
					"metricOrderNumber": 1,
					"metricDescription": "Financial Balance - Allowed Amount (Facility Header + Professional & Other Services) > 2% overall $$ rejected",
					"computedValue": "0",
					"ruleWeightPercent": 1.0,
					"score": 0.0,
					"passIndicator": null,
					"totalPassFail": "PASS",
					"total_Flag": 0,
					"flag": 0,
					"errorMessage": "-"
				},
				{
					"metricOrderNumber": 2,
					"metricDescription": "Financial Balance - Submitted Amount (Facility Header + Professional & Other Services) > 4% overall $$ rejected",
					"computedValue": "0",
					"ruleWeightPercent": 1.0,
					"score": 0.0,
					"passIndicator": null,
					"totalPassFail": "PASS",
					"total_Flag": 0,
					"flag": 0,
					"errorMessage": "-"
				},
				{
					"metricOrderNumber": 3,
					"metricDescription": "Financial Balance - Non-Covered Amount (Facility Header + Professional & Other Services) > 4% overall $$ rejected",
					"computedValue": "0",
					"ruleWeightPercent": 1.0,
					"score": 0.0,
					"passIndicator": null,
					"totalPassFail": "PASS",
					"total_Flag": 0,
					"flag": 0,
					"errorMessage": "-"
				},
				{
					"metricOrderNumber": 4,
					"metricDescription": "Financial Balance - Payment Amount (Facility Header + Professional & Other Services) > 2% overall $$ rejected",
					"computedValue": "0",
					"ruleWeightPercent": 1.0,
					"score": 0.0,
					"passIndicator": null,
					"totalPassFail": "PASS",
					"total_Flag": 0,
					"flag": 0,
					"errorMessage": "-"
				},
				{
					"metricOrderNumber": 5,
					"metricDescription": "Financial Balance - Inpatient/Outpatient Facility Header & Detail Variance - Submitted Amount > 2% variance in the sum of valid detail records compared to the header record",
					"computedValue": "0",
					"ruleWeightPercent": 1.0,
					"score": 0.0,
					"passIndicator": null,
					"totalPassFail": "PASS",
					"total_Flag": 0,
					"flag": 0,
					"errorMessage": "-"
				},
				{
					"metricOrderNumber": 6,
					"metricDescription": "Financial Balance - Outpatient Facility Header & Detail Variance - Allowed Amount > 2% variance in the sum of valid detail records compared to the header record",
					"computedValue": "0",
					"ruleWeightPercent": 1.0,
					"score": 0.0,
					"passIndicator": null,
					"totalPassFail": "PASS",
					"total_Flag": 0,
					"flag": 0,
					"errorMessage": "-"
				},
				{
					"metricOrderNumber": 7,
					"metricDescription": "Financial Balance - Outpatient Facility Header & Detail Variance - Submitted Amount > 2% variance in the sum of valid detail records compared to the header record",
					"computedValue": "0",
					"ruleWeightPercent": 1.0,
					"score": 0.0,
					"passIndicator": null,
					"totalPassFail": "PASS",
					"total_Flag": 0,
					"flag": 0,
					"errorMessage": "-"
				},
				{
					"metricOrderNumber": 8,
					"metricDescription": "Financial Balance - Outpatient Facility Header & Detail Variance - Non-Covered Amount > 2% variance in the sum of valid detail records compared to the header record",
					"computedValue": "0",
					"ruleWeightPercent": 1.0,
					"score": 0.0,
					"passIndicator": null,
					"totalPassFail": "PASS",
					"total_Flag": 0,
					"flag": 0,
					"errorMessage": "-"
				},
				{
					"metricOrderNumber": 9,
					"metricDescription": "Financial Balance - Outpatient Facility Header & Detail Variance - Payment Amount > 2% variance in the sum of valid detail records compared to the header record",
					"computedValue": "0",
					"ruleWeightPercent": 1.0,
					"score": 0.0,
					"passIndicator": null,
					"totalPassFail": "PASS",
					"total_Flag": 0,
					"flag": 0,
					"errorMessage": "-"
				}
			],
			"financialSummary": [
				{
					"columnName": "Submitted Amount",
					"financialOrderNumber": 1,
					"totalValidAmount": 0,
					"totalAmount": 0,
					"totalAmountExculdingDeniedSecondary": 0,
					"totalAmountOutpatientFacilityOnly": null,
					"estimatedAveragePerValidScript": null,
					"flag": 1,
					"errorMessage": "Amounts are Zero"
				},
				{
					"columnName": "Non-Covered Amount",
					"financialOrderNumber": 2,
					"totalValidAmount": 0,
					"totalAmount": 0,
					"totalAmountExculdingDeniedSecondary": 0,
					"totalAmountOutpatientFacilityOnly": null,
					"estimatedAveragePerValidScript": null,
					"flag": 1,
					"errorMessage": "Amounts are Zero"
				},
				{
					"columnName": "Allowed Amount",
					"financialOrderNumber": 3,
					"totalValidAmount": 0,
					"totalAmount": 0,
					"totalAmountExculdingDeniedSecondary": 0,
					"totalAmountOutpatientFacilityOnly": null,
					"estimatedAveragePerValidScript": null,
					"flag": 1,
					"errorMessage": "Amounts are Zero"
				},
				{
					"columnName": "Payment Amount",
					"financialOrderNumber": 4,
					"totalValidAmount": 0,
					"totalAmount": 0,
					"totalAmountExculdingDeniedSecondary": 0,
					"totalAmountOutpatientFacilityOnly": null,
					"estimatedAveragePerValidScript": null,
					"flag": 1,
					"errorMessage": "Amounts are Zero"
				},
				{
					"columnName": "COB / TPL Amount",
					"financialOrderNumber": 5,
					"totalValidAmount": 0,
					"totalAmount": 0,
					"totalAmountExculdingDeniedSecondary": 0,
					"totalAmountOutpatientFacilityOnly": null,
					"estimatedAveragePerValidScript": null,
					"flag": 0,
					"errorMessage": "-"
				},
				{
					"columnName": "Coinsurance",
					"financialOrderNumber": 6,
					"totalValidAmount": 0,
					"totalAmount": 0,
					"totalAmountExculdingDeniedSecondary": 0,
					"totalAmountOutpatientFacilityOnly": null,
					"estimatedAveragePerValidScript": null,
					"flag": 0,
					"errorMessage": "-"
				},
				{
					"columnName": "Copay",
					"financialOrderNumber": 7,
					"totalValidAmount": 0,
					"totalAmount": 0,
					"totalAmountExculdingDeniedSecondary": 0,
					"totalAmountOutpatientFacilityOnly": null,
					"estimatedAveragePerValidScript": null,
					"flag": 0,
					"errorMessage": "-"
				},
				{
					"columnName": "Deductible",
					"financialOrderNumber": 8,
					"totalValidAmount": 0,
					"totalAmount": 0,
					"totalAmountExculdingDeniedSecondary": 0,
					"totalAmountOutpatientFacilityOnly": null,
					"estimatedAveragePerValidScript": null,
					"flag": 0,
					"errorMessage": "-"
				},
				{
					"columnName": "Fee for Service Equivalent",
					"financialOrderNumber": 9,
					"totalValidAmount": 0,
					"totalAmount": 0,
					"totalAmountExculdingDeniedSecondary": 0,
					"totalAmountOutpatientFacilityOnly": null,
					"estimatedAveragePerValidScript": null,
					"flag": 0,
					"errorMessage": "-"
				},
				{
					"columnName": "Submitted Amount",
					"financialOrderNumber": 1,
					"totalValidAmount": 0,
					"totalAmount": 0,
					"totalAmountExculdingDeniedSecondary": 0,
					"totalAmountOutpatientFacilityOnly": null,
					"estimatedAveragePerValidScript": null,
					"flag": 0,
					"errorMessage": "-"
				},
				{
					"columnName": "Non-Covered Amount",
					"financialOrderNumber": 2,
					"totalValidAmount": 0,
					"totalAmount": 0,
					"totalAmountExculdingDeniedSecondary": 0,
					"totalAmountOutpatientFacilityOnly": null,
					"estimatedAveragePerValidScript": null,
					"flag": 0,
					"errorMessage": "-"
				},
				{
					"columnName": "Allowed Amount",
					"financialOrderNumber": 3,
					"totalValidAmount": 0,
					"totalAmount": 0,
					"totalAmountExculdingDeniedSecondary": 0,
					"totalAmountOutpatientFacilityOnly": null,
					"estimatedAveragePerValidScript": null,
					"flag": 0,
					"errorMessage": "-"
				},
				{
					"columnName": "Payment Amount",
					"financialOrderNumber": 4,
					"totalValidAmount": 0,
					"totalAmount": 0,
					"totalAmountExculdingDeniedSecondary": 0,
					"totalAmountOutpatientFacilityOnly": null,
					"estimatedAveragePerValidScript": null,
					"flag": 0,
					"errorMessage": "-"
				},
				{
					"columnName": "COB / TPL Amount",
					"financialOrderNumber": 5,
					"totalValidAmount": 0,
					"totalAmount": 0,
					"totalAmountExculdingDeniedSecondary": 0,
					"totalAmountOutpatientFacilityOnly": null,
					"estimatedAveragePerValidScript": null,
					"flag": 0,
					"errorMessage": "-"
				},
				{
					"columnName": "Coinsurance",
					"financialOrderNumber": 6,
					"totalValidAmount": 0,
					"totalAmount": 0,
					"totalAmountExculdingDeniedSecondary": 0,
					"totalAmountOutpatientFacilityOnly": null,
					"estimatedAveragePerValidScript": null,
					"flag": 0,
					"errorMessage": "-"
				},
				{
					"columnName": "Copay",
					"financialOrderNumber": 7,
					"totalValidAmount": 0,
					"totalAmount": 0,
					"totalAmountExculdingDeniedSecondary": 0,
					"totalAmountOutpatientFacilityOnly": null,
					"estimatedAveragePerValidScript": null,
					"flag": 0,
					"errorMessage": "-"
				},
				{
					"columnName": "Deductible",
					"financialOrderNumber": 8,
					"totalValidAmount": 0,
					"totalAmount": 0,
					"totalAmountExculdingDeniedSecondary": 0,
					"totalAmountOutpatientFacilityOnly": null,
					"estimatedAveragePerValidScript": null,
					"flag": 0,
					"errorMessage": "-"
				},
				{
					"columnName": "Fee for Service Equivalent",
					"financialOrderNumber": 9,
					"totalValidAmount": 0,
					"totalAmount": 0,
					"totalAmountExculdingDeniedSecondary": 0,
					"totalAmountOutpatientFacilityOnly": null,
					"estimatedAveragePerValidScript": null,
					"flag": 0,
					"errorMessage": "-"
				},
				{
					"columnName": "Submitted Amount",
					"financialOrderNumber": 1,
					"totalValidAmount": 0,
					"totalAmount": 0,
					"totalAmountExculdingDeniedSecondary": 0,
					"totalAmountOutpatientFacilityOnly": null,
					"estimatedAveragePerValidScript": null,
					"flag": 0,
					"errorMessage": "-"
				},
				{
					"columnName": "Non-Covered Amount",
					"financialOrderNumber": 2,
					"totalValidAmount": 0,
					"totalAmount": 0,
					"totalAmountExculdingDeniedSecondary": 0,
					"totalAmountOutpatientFacilityOnly": null,
					"estimatedAveragePerValidScript": null,
					"flag": 0,
					"errorMessage": "-"
				},
				{
					"columnName": "Allowed Amount",
					"financialOrderNumber": 3,
					"totalValidAmount": 0,
					"totalAmount": 0,
					"totalAmountExculdingDeniedSecondary": 0,
					"totalAmountOutpatientFacilityOnly": null,
					"estimatedAveragePerValidScript": null,
					"flag": 0,
					"errorMessage": "-"
				},
				{
					"columnName": "Payment Amount",
					"financialOrderNumber": 4,
					"totalValidAmount": 0,
					"totalAmount": 0,
					"totalAmountExculdingDeniedSecondary": 0,
					"totalAmountOutpatientFacilityOnly": null,
					"estimatedAveragePerValidScript": null,
					"flag": 0,
					"errorMessage": "-"
				},
				{
					"columnName": "COB / TPL Amount",
					"financialOrderNumber": 5,
					"totalValidAmount": 0,
					"totalAmount": 0,
					"totalAmountExculdingDeniedSecondary": 0,
					"totalAmountOutpatientFacilityOnly": null,
					"estimatedAveragePerValidScript": null,
					"flag": 0,
					"errorMessage": "-"
				},
				{
					"columnName": "Coinsurance",
					"financialOrderNumber": 6,
					"totalValidAmount": 0,
					"totalAmount": 0,
					"totalAmountExculdingDeniedSecondary": 0,
					"totalAmountOutpatientFacilityOnly": null,
					"estimatedAveragePerValidScript": null,
					"flag": 0,
					"errorMessage": "-"
				},
				{
					"columnName": "Copay",
					"financialOrderNumber": 7,
					"totalValidAmount": 0,
					"totalAmount": 0,
					"totalAmountExculdingDeniedSecondary": 0,
					"totalAmountOutpatientFacilityOnly": null,
					"estimatedAveragePerValidScript": null,
					"flag": 0,
					"errorMessage": "-"
				},
				{
					"columnName": "Deductible",
					"financialOrderNumber": 8,
					"totalValidAmount": 0,
					"totalAmount": 0,
					"totalAmountExculdingDeniedSecondary": 0,
					"totalAmountOutpatientFacilityOnly": null,
					"estimatedAveragePerValidScript": null,
					"flag": 0,
					"errorMessage": "-"
				},
				{
					"columnName": "Fee for Service Equivalent",
					"financialOrderNumber": 9,
					"totalValidAmount": 0,
					"totalAmount": 0,
					"totalAmountExculdingDeniedSecondary": 0,
					"totalAmountOutpatientFacilityOnly": null,
					"estimatedAveragePerValidScript": null,
					"flag": 0,
					"errorMessage": "-"
				}
			],
			"frxTable": [],
			"frequencyCountTable": [
				{
					"fileIdValue": "02                                                          ",
					"frequencyCount": 71
				},
				{
					"fileIdValue": "01                                                          ",
					"frequencyCount": 6717
				},
				{
					"fileIdValue": "98                                                          ",
					"frequencyCount": 78436
				},
				{
					"fileIdValue": "f39RJCdyiYz",
					"frequencyCount": 100973
				},
				{
					"fileIdValue": "04                                                          ",
					"frequencyCount": 154223
				},
				{
					"fileIdValue": "03                                                          ",
					"frequencyCount": 161770
				}
			]
		}
	]
}