{
  "submissionID": 99000278,
  "SubmissionType": "non-Anthem",
  "totalScore": 100,
  "totalPassFail": "Pass",
  "totalFlag": 0,
  "l2Reports": [
    {
      "fileName": "Product",
      "fileOrderNumber": 1234,
      "metricTable": [
        {
          "metricOrderNumber": "9876",
          "metricDescription": "Product File 5% total rejected records",
          "computedValue": 0.0000,
          "passIndicator": "P",
          "ruleWeightPercent": 1,
          "score": 2,
          "flag": 1,
          "fileOrderNumber": 4,
          "errorMessage": "Failed due to threshold exceeded",
          "valueHistory": [
						{
							"cycleId": "202112",
							"computedValue": "20.12"
            },
            {
							"cycleId": "202201",
							"computedValue": "18.00"
            },
            {
							"cycleId": "202202",
							"computedValue": "21.57"
            },
            {
							"cycleId": "202203",
							"computedValue": "17.94"
            },
            {
							"cycleId": "202204",
							"computedValue": "17.00"
            },
            {
							"cycleId": "202205",
							"computedValue": "19.48"
						}
					]
        },
        {
          "metricOrderNumber": "9876",
          "metricDescription": "Product File 5% total rejected records",
          "computedValue": 0.0000,
          "passIndicator": "P",
          "ruleWeightPercent": 1,
          "score": 2,
          "flag": 0,
          "fileOrderNumber": 4,
          "errorMessage": "Failed due to threshold exceeded"
        }
      ]
    },

    {
      "fileName": "Facility Header",
      "fileOrderNumber": 1234,
      "metricTable": [
        {
          "metricOrderNumber": "9876",
          "metricDescription": "Product File 5% total rejected records",
          "computedValue": 0.0000,
          "passIndicator": "P",
          "ruleWeightPercent": 1,
          "score": 2,
          "flag": 0,
          "fileOrderNumber": 4,
          "errorMessage": "Failed due to threshold exceeded"
        },
        {
          "metricOrderNumber": "9876",
          "metricDescription": "Product File 5% total rejected records",
          "computedValue": 0.0000,
          "passIndicator": "P",
          "ruleWeightPercent": 1,
          "score": 2,
          "flag": 1,
          "fileOrderNumber": 4,
          "errorMessage": "Failed due to threshold exceeded"
        },
        {
          "metricOrderNumber": "9876",
          "metricDescription": "Product File 5% total rejected records",
          "computedValue": 0.0000,
          "passIndicator": "P",
          "ruleWeightPercent": 1,
          "score": 2,
          "flag": 0,
          "fileOrderNumber": 4,
          "errorMessage": "Failed due to threshold exceeded"
        }
      ],
      "financialSummary": [
        {
          "columnName": "Submitted Amount",
          "financialOrderNumber": 2,
          "totalValidAmount": 4,
          "totalRejectedAmount": 3,
          "totalAmount": 4,
          "percentRejected": 4,
          "totalAmountExcludingDeniedSecondary": 3,
          "totalAmountOutpatientFacilityOnly": 6,
          "estimatedAveragePerValidScript": 3,
          "flag": 1,
          "errorMessage": "Failed due to threshold exceeded"
        },
        {
          "columnName": "Copay",
          "financialOrderNumber": 2,
          "totalValidAmount": 4,
          "totalRejectedAmount": 3,
          "totalAmount": 4,
          "percentRejected": 4,
          "totalAmountExcludingDeniedSecondary": 3,
          "totalAmountOutpatientFacilityOnly": 6,
          "estimatedAveragePerValidScript": 3,
          "flag": 1,
          "errorMessage": "Failed due to threshold exceeded"
        }
      ]
    },

    {
      "fileName": "Pharmacy",
      "fileOrderNumber": 1234,
      "metricTable": [
        {
          "metricOrderNumber": "9876",
          "metricDescription": "Product File 5% total rejected records",
          "computedValue": 0.0000,
          "passIndicator": "P",
          "ruleWeightPercent": 1,
          "score": 2,
          "flag": 0,
          "fileOrderNumber": 4,
          "errorMessage": "Failed due to threshold exceeded"
        },
        {
          "metricOrderNumber": "9876",
          "metricDescription": "Product File 5% total rejected records",
          "computedValue": 0.0000,
          "passIndicator": "P",
          "ruleWeightPercent": 1,
          "score": 2,
          "flag": 1,
          "fileOrderNumber": 4,
          "errorMessage": "Failed due to threshold exceeded"
        },
        {
          "metricOrderNumber": "9876",
          "metricDescription": "Product File 5% total rejected records",
          "computedValue": 0.0000,
          "passIndicator": "P",
          "ruleWeightPercent": 1,
          "score": 2,
          "flag": 0,
          "fileOrderNumber": 4,
          "errorMessage": "Failed due to threshold exceeded"
        },
        {
          "metricOrderNumber": "9876",
          "metricDescription": "Product File 5% total rejected records",
          "computedValue": 0.0000,
          "passIndicator": "P",
          "ruleWeightPercent": 1,
          "score": 2,
          "flag": 1,
          "fileOrderNumber": 4,
          "errorMessage": "Failed due to threshold exceeded"
        }
      ],
      "rxTable": [
        {
          "validRecords": 0,
          "voidedRecords": 1,
          "rejectedRecords": 2,
          "totalRecords": 3  
        }  
      ]
    },
    {
      "fileName": "Pharmacy Benefit Tiers",
      "fileOrderNumber": 1234,
      "metricTable": [
        {
          "metricOrderNumber": "9876",
          "metricDescription": "Account report file > 10% total rejected records",
          "computedValue": 0.0000,
          "passIndicator": "P",
          "ruleWeightPercent": 1,
          "score": 2,
          "flag": 1,
          "fileOrderNumber": 4,
          "errorMessage": "Failed due to threshold exceeded"
        },
        {
          "metricOrderNumber": "9876",
          "metricDescription": "Product File 5% total rejected records",
          "computedValue": 0.0000,
          "passIndicator": "P",
          "ruleWeightPercent": 1,
          "score": 2,
          "flag": 0,
          "fileOrderNumber": 4,
          "errorMessage": "Failed due to threshold exceeded"
        }
      ],
      "financialSummary": [
        {
          "columnName": "Submitted Amount",
          "financialOrderNumber": 2,
          "totalValidAmount": 4,
          "totalRejectedAmount": 3,
          "totalAmount": 4,
          "percentRejected": 4,
          "totalAmountExcludingDeniedSecondary": 3,
          "totalAmountOutpatientFacilityOnly": 6,
          "estimatedAveragePerValidScript": 3,
          "flag": 1,
          "errorMessage": "Failed due to threshold exceeded"
        }  
      ],
      "frequencyCountTable": [
        {
          "fieldValue": "field value test",
          "frequencyCount": 1
        }
      ]
    }
  ]
}
