[
	{
		"submissionGroup": 100101234,
		"planName": "Tennessee",
		"paidThroughPeriod": "202112",
		"submissionControl": 23456,
		"submissionReceivedDate": "7/20/2021",
		"mode": "Open",
		"submissionCurrentState": "Combined",
		"category": "Production",
		"status": "Ready for L2 Review",
		"lastUpdated": "7/20/2021",
		"planValidationDue": "4/21/2020",
		"reportScoreL2": 0.2
	},
	{
		"submissionGroup": 100101234,
		"planName": "Tennessee",
		"paidThroughPeriod": "202112",
		"submissionControl": 23457,
		"submissionReceivedDate": "7/20/2021",
		"mode": "Open",
		"submissionCurrentState": "Medical",
		"category": "Production",
		"status": "Ready for L2 Review",
		"lastUpdated": "7/20/2021",
		"planValidationDue": "4/21/2020",
		"reportScoreL2": 1.2
	},
	{
		"submissionGroup": 100101234,
		"planName": "Tennessee",
		"paidThroughPeriod": "202112",
		"submissionControl": 23458,
		"submissionReceivedDate": "7/20/2021",
		"mode": "Open",
		"submissionCurrentState": "Combined",
		"category": "Production",
		"status": "Ready for L2 Review",
		"lastUpdated": "7/20/2021",
		"planValidationDue": "4/21/2020",
		"reportScoreL2": 0.7
	},
	{
		"submissionGroup": 100101234,
		"planName": "Tennessee",
		"paidThroughPeriod": "202112",
		"submissionControl": 23459,
		"submissionReceivedDate": "7/20/2021",
		"mode": "Open",
		"submissionCurrentState": "Combined",
		"category": "Production",
		"status": "Ready for L2 Review",
		"lastUpdated": "7/20/2021",
		"planValidationDue": "4/21/2020",
		"reportScoreL2": 0
	},
	{
		"submissionGroup": 100101234,
		"planName": "Tennessee",
		"paidThroughPeriod": "202112",
		"submissionControl": 23460,
		"submissionReceivedDate": "7/20/2021",
		"mode": "Open",
		"submissionCurrentState": "Medical",
		"category": "Deployment",
		"status": "Ready for L2 Review",
		"lastUpdated": "7/20/2021",
		"planValidationDue": "4/21/2020",
		"reportScoreL2": 0.25
	},
	{
		"submissionGroup": 100101234,
		"planName": "Tennessee",
		"paidThroughPeriod": "202112",
		"submissionControl": 23461,
		"submissionReceivedDate": "7/20/2021",
		"mode": "Open",
		"submissionCurrentState": "Medical",
		"category": "Test",
		"status": "Ready for L2 Review",
		"lastUpdated": "7/20/2021",
		"planValidationDue": "4/21/2020",
		"reportScoreL2": 0.8
	},
	{
		"submissionGroup": 100101234,
		"planName": "Tennessee",
		"paidThroughPeriod": "202110",
		"submissionControl": 23462,
		"submissionReceivedDate": "7/20/2021",
		"mode": "Open",
		"submissionCurrentState": "Combined",
		"category": "Production",
		"status": "Ready for L2 Review",
		"lastUpdated": "7/20/2021",
		"planValidationDue": "4/21/2020",
		"reportScoreL2": 0
	},
	{
		"submissionGroup": 100101234,
		"planName": "Tennessee",
		"paidThroughPeriod": "202110",
		"submissionControl": 23463,
		"submissionReceivedDate": "7/20/2021",
		"mode": "Open",
		"submissionCurrentState": "Medical",
		"category": "Production",
		"status": "Ready for L2 Review",
		"lastUpdated": "7/20/2021",
		"planValidationDue": "4/21/2020",
		"reportScoreL2": 1.1
	},
	{
		"submissionGroup": 100101234,
		"planName": "Tennessee",
		"paidThroughPeriod": "202110",
		"submissionControl": 23464,
		"submissionReceivedDate": "7/20/2021",
		"mode": "Open",
		"submissionCurrentState": "Combined",
		"category": "Production",
		"status": "Ready for L2 Review",
		"lastUpdated": "7/20/2021",
		"planValidationDue": "4/21/2020",
		"reportScoreL2": 0.1
	},
	{
		"submissionGroup": 100101234,
		"planName": "Tennessee",
		"paidThroughPeriod": "202110",
		"submissionControl": 23465,
		"submissionReceivedDate": "7/20/2021",
		"mode": "Open",
		"submissionCurrentState": "Combined",
		"category": "Production",
		"status": "Ready for L2 Review",
		"lastUpdated": "7/20/2021",
		"planValidationDue": "4/21/2020",
		"reportScoreL2": 0.9
	},
	{
		"submissionGroup": 100101234,
		"planName": "Tennessee",
		"paidThroughPeriod": "202110",
		"submissionControl": 23466,
		"submissionReceivedDate": "7/20/2021",
		"mode": "Open",
		"submissionCurrentState": "Medical",
		"category": "Deployment",
		"status": "Ready for L2 Review",
		"lastUpdated": "7/20/2021",
		"planValidationDue": "4/21/2020",
		"reportScoreL2": 1.3
	},
	{
		"submissionGroup": 100101234,
		"planName": "Tennessee",
		"paidThroughPeriod": "202110",
		"submissionControl": 23467,
		"submissionReceivedDate": "7/20/2021",
		"mode": "Open",
		"submissionCurrentState": "Medical",
		"category": "Test",
		"status": "Ready for L2 Review",
		"lastUpdated": "7/20/2021",
		"planValidationDue": "4/21/2020",
		"reportScoreL2": 0.4
	},

	{
		"submissionGroup": 100101234,
		"planName": "Tennessee",
		"paidThroughPeriod": "202108",
		"submissionControl": 23468,
		"submissionReceivedDate": "7/20/2021",
		"mode": "Open",
		"submissionCurrentState": "Combined",
		"category": "Production",
		"status": "Ready for L2 Review",
		"lastUpdated": "7/20/2021",
		"planValidationDue": "4/21/2020",
		"reportScoreL2": 0
	},
	{
		"submissionGroup": 100101234,
		"planName": "Tennessee",
		"paidThroughPeriod": "202108",
		"submissionControl": 23469,
		"submissionReceivedDate": "7/20/2021",
		"mode": "Open",
		"submissionCurrentState": "Medical",
		"category": "Production",
		"status": "Ready for L2 Review",
		"lastUpdated": "7/20/2021",
		"planValidationDue": "4/21/2020",
		"reportScoreL2": 0.4
	},
	{
		"submissionGroup": 100101234,
		"planName": "Tennessee",
		"paidThroughPeriod": "202108",
		"submissionControl": 23470,
		"submissionReceivedDate": "7/20/2021",
		"mode": "Open",
		"submissionCurrentState": "Combined",
		"category": "Production",
		"status": "Ready for L2 Review",
		"lastUpdated": "7/20/2021",
		"planValidationDue": "4/21/2020",
		"reportScoreL2": 0.8
	},
	{
		"submissionGroup": 100101234,
		"planName": "Tennessee",
		"paidThroughPeriod": "202108",
		"submissionControl": 23471,
		"submissionReceivedDate": "7/20/2021",
		"mode": "Open",
		"submissionCurrentState": "Combined",
		"category": "Production",
		"status": "Ready for L2 Review",
		"lastUpdated": "7/20/2021",
		"planValidationDue": "4/21/2020",
		"reportScoreL2": 1.4
	},
	{
		"submissionGroup": 100101234,
		"planName": "Tennessee",
		"paidThroughPeriod": "202108",
		"submissionControl": 23472,
		"submissionReceivedDate": "7/20/2021",
		"mode": "Open",
		"submissionCurrentState": "Medical",
		"category": "Deployment",
		"status": "Ready for L2 Review",
		"lastUpdated": "7/20/2021",
		"planValidationDue": "4/21/2020",
		"reportScoreL2": 1.5
	},
	{
		"submissionGroup": 100101234,
		"planName": "Tennessee",
		"paidThroughPeriod": "202108",
		"submissionControl": 23473,
		"submissionReceivedDate": "7/20/2021",
		"mode": "Open",
		"submissionCurrentState": "Medical",
		"category": "Test",
		"status": "Ready for L2 Review",
		"lastUpdated": "7/20/2021",
		"planValidationDue": "4/21/2020",
		"reportScoreL2": 1.2
	},

	{
		"submissionGroup": 100101234,
		"planName": "Tennessee",
		"paidThroughPeriod": "202106",
		"submissionControl": 23474,
		"submissionReceivedDate": "7/20/2021",
		"mode": "Open",
		"submissionCurrentState": "Combined",
		"category": "Production",
		"status": "Ready for L2 Review",
		"lastUpdated": "7/20/2021",
		"planValidationDue": "4/21/2020",
		"reportScoreL2": 0.2
	},
	{
		"submissionGroup": 100101234,
		"planName": "Tennessee",
		"paidThroughPeriod": "202106",
		"submissionControl": 23475,
		"submissionReceivedDate": "7/20/2021",
		"mode": "Open",
		"submissionCurrentState": "Medical",
		"category": "Production",
		"status": "Ready for L2 Review",
		"lastUpdated": "7/20/2021",
		"planValidationDue": "4/21/2020",
		"reportScoreL2": 1.4
	},
	{
		"submissionGroup": 100101234,
		"planName": "Arkansas",
		"paidThroughPeriod": "202106",
		"submissionControl": 23476,
		"submissionReceivedDate": "7/20/2021",
		"mode": "Open",
		"submissionCurrentState": "Combined",
		"category": "Production",
		"status": "Ready for L2 Review",
		"lastUpdated": "7/20/2021",
		"planValidationDue": "4/21/2020",
		"reportScoreL2": 0.4
	},
	{
		"submissionGroup": 100101234,
		"planName": "Arkansas",
		"paidThroughPeriod": "202106",
		"submissionControl": 23477,
		"submissionReceivedDate": "7/20/2021",
		"mode": "Open",
		"submissionCurrentState": "Combined",
		"category": "Production",
		"status": "Ready for L2 Review",
		"lastUpdated": "7/20/2021",
		"planValidationDue": "4/21/2020",
		"reportScoreL2": 0.9
	},
	{
		"submissionGroup": 100101234,
		"planName": "Arkansas",
		"paidThroughPeriod": "202106",
		"submissionControl": 23478,
		"submissionReceivedDate": "7/20/2021",
		"mode": "Open",
		"submissionCurrentState": "Medical",
		"category": "Deployment",
		"status": "Ready for L2 Review",
		"lastUpdated": "7/20/2021",
		"planValidationDue": "4/21/2020",
		"reportScoreL2": 1.5
	},
	{
		"submissionGroup": 100101234,
		"planName": "Arkansas",
		"paidThroughPeriod": "202106",
		"submissionControl": 23479,
		"submissionReceivedDate": "7/20/2021",
		"mode": "Open",
		"submissionCurrentState": "Medical",
		"category": "Test",
		"status": "Ready for L2 Review",
		"lastUpdated": "7/20/2021",
		"planValidationDue": "4/21/2020",
		"reportScoreL2": 1.4
	},
	{
		"submissionGroup": 100101234,
		"planName": "Arkansas",
		"paidThroughPeriod": "202110",
		"submissionControl": 23480,
		"submissionReceivedDate": "7/20/2021",
		"mode": "Open",
		"submissionCurrentState": "Combined",
		"category": "Production",
		"status": "Ready for L2 Review",
		"lastUpdated": "7/20/2021",
		"planValidationDue": "4/21/2020",
		"reportScoreL2": 0
	},
	{
		"submissionGroup": 100101234,
		"planName": "Arkansas",
		"paidThroughPeriod": "202108",
		"submissionControl": 23481,
		"submissionReceivedDate": "7/20/2021",
		"mode": "Open",
		"submissionCurrentState": "Combined",
		"category": "Production",
		"status": "Ready for L2 Review",
		"lastUpdated": "7/20/2021",
		"planValidationDue": "4/21/2020",
		"reportScoreL2": 0.7
	},
	{
		"submissionGroup": 100101234,
		"planName": "Arkansas",
		"paidThroughPeriod": "202106",
		"submissionControl": 23482,
		"submissionReceivedDate": "7/20/2021",
		"mode": "Open",
		"submissionCurrentState": "Combined",
		"category": "Production",
		"status": "Ready for L2 Review",
		"lastUpdated": "7/20/2021",
		"planValidationDue": "4/21/2020",
		"reportScoreL2": 0.2
	},
	{
		"submissionGroup": 100101234,
		"planName": "Arkansas",
		"paidThroughPeriod": "202112",
		"submissionControl": 23483,
		"submissionReceivedDate": "7/20/2021",
		"mode": "Open",
		"submissionCurrentState": "Combined",
		"category": "Production",
		"status": "Ready for L2 Review",
		"lastUpdated": "7/20/2021",
		"planValidationDue": "4/21/2020",
		"reportScoreL2": 0.2
	},
	{
		"submissionGroup": 100101234,
		"planName": "Arkansas",
		"paidThroughPeriod": "202112",
		"submissionControl": 23484,
		"submissionReceivedDate": "6/14/2015",
		"mode": "Open",
		"submissionCurrentState": "Combined",
		"category": "Production",
		"status": "Ready for L2 Review",
		"lastUpdated": "9/06/2018",
		"planValidationDue": "11/04/2020",
		"reportScoreL2": 0
	},
	{
		"submissionGroup": 100101234,
		"planName": "Arkansas",
		"paidThroughPeriod": "202112",
		"submissionControl": 23485,
		"submissionReceivedDate": "6/14/2015",
		"mode": "Open",
		"submissionCurrentState": "Combined",
		"category": "Production",
		"status": "Ready for L2 Review",
		"lastUpdated": "9/06/2018",
		"planValidationDue": "11/04/2020",
		"reportScoreL2": 0
	},
	{
		"submissionGroup": 100101234,
		"planName": "Arkansas",
		"paidThroughPeriod": "202112",
		"submissionControl": 23486,
		"submissionReceivedDate": "6/14/2015",
		"mode": "Open",
		"submissionCurrentState": "Combined",
		"category": "Production",
		"status": "Ready for L2 Review",
		"lastUpdated": "9/06/2018",
		"planValidationDue": "11/04/2020",
		"reportScoreL2": 0.7
	},
	{
		"submissionGroup": 100101234,
		"planName": "Arkansas",
		"paidThroughPeriod": "202112",
		"submissionControl": 23487,
		"submissionReceivedDate": "2/10/2012",
		"mode": "Open",
		"submissionCurrentState": "Combined",
		"category": "Production",
		"status": "Ready for L2 Review",
		"lastUpdated": "5/12/2020",
		"planValidationDue": "4/21/2011",
		"reportScoreL2": 0.5
	},
	{
		"submissionGroup": 100105678,
		"planName": "Arkansas",
		"paidThroughPeriod": "202112",
		"submissionControl": 23488,
		"submissionReceivedDate": "9/24/2017",
		"mode": "Open",
		"submissionCurrentState": "Combined",
		"category": "Production",
		"status": "Ready for L2 Review",
		"lastUpdated": "7/20/2021",
		"planValidationDue": "6/17/2022",
		"reportScoreL2": 0.75
	},
		{
		"submissionGroup": 100105678,
		"planName": "Arkansas",
		"paidThroughPeriod": "202110",
		"submissionControl": 23489,
		"submissionReceivedDate": "9/24/2017",
		"mode": "Open",
		"submissionCurrentState": "Combined",
		"category": "Deployment",
		"status": "Ready for L2 Review",
		"lastUpdated": "7/20/2021",
		"planValidationDue": "6/17/2022",
		"reportScoreL2": 1.4
	},
	{
		"submissionGroup": 100104321,
		"planName": "Arkansas",
		"paidThroughPeriod": "202110",
		"submissionControl": 23490,
		"submissionReceivedDate": "9/24/2017",
		"mode": "Open",
		"submissionCurrentState": "Combined",
		"category": "Deployment",
		"status": "Level 1 Pass",
		"lastUpdated": "7/20/2021",
		"planValidationDue": "6/17/2022",
		"reportScoreL2": 0.1
	},
	{
		"submissionGroup": 100104321,
		"planName": "Arkansas",
		"paidThroughPeriod": "202108",
		"submissionControl": 23491,
		"submissionReceivedDate": "9/24/2017",
		"mode": "Open",
		"submissionCurrentState": "Combined",
		"category": "Deployment",
		"status": "Level 1 Pass",
		"lastUpdated": "7/20/2021",
		"planValidationDue": "6/17/2022",
		"reportScoreL2": 0.2
	},
	{
		"submissionGroup": 100104321,
		"planName": "Arkansas",
		"paidThroughPeriod": "202108",
		"submissionControl": 23492,
		"submissionReceivedDate": "9/24/2017",
		"mode": "Open",
		"submissionCurrentState": "Combined",
		"category": "Deployment",
		"status": "L1 Pass",
		"lastUpdated": "7/20/2021",
		"planValidationDue": "6/17/2022",
		"reportScoreL2": 0.75
	},
	{
		"submissionGroup": 100109876,
		"planName": "Arkansas",
		"paidThroughPeriod": "202106",
		"submissionControl": 23493,
		"submissionReceivedDate": "9/24/2017",
		"mode": "Open",
		"submissionCurrentState": "Combined",
		"category": "Test",
		"status": "Ready for L1 Review",
		"lastUpdated": "7/20/2021",
		"planValidationDue": "3/12/2016",
		"reportScoreL2": 1
	},
	{
		"submissionGroup": 100109876,
		"planName": "Arkansas",
		"paidThroughPeriod": "202106",
		"submissionControl": 23494,
		"submissionReceivedDate": "9/24/2017",
		"mode": "Open",
		"submissionCurrentState": "Combined",
		"category": "Test",
		"status": "Ready for L1 Review",
		"lastUpdated": "7/20/2021",
		"planValidationDue": "2/24/2018",
		"reportScoreL2": 0
	},
	{
		"submissionGroup": 100101234,
		"planName": "Florida",
		"paidThroughPeriod": "202106",
		"submissionControl": 23495,
		"submissionReceivedDate": "7/20/2021",
		"mode": "Open",
		"submissionCurrentState": "Combined",
		"category": "Production",
		"status": "Ready for L2 Review",
		"lastUpdated": "7/20/2021",
		"planValidationDue": "4/21/2020",
		"reportScoreL2": 1.1
	},
	{
		"submissionGroup": 100101234,
		"planName": "Florida",
		"paidThroughPeriod": "202106",
		"submissionControl": 23496,
		"submissionReceivedDate": "6/14/2015",
		"mode": "Open",
		"submissionCurrentState": "Combined",
		"category": "Production",
		"status": "Ready for L2 Review",
		"lastUpdated": "9/06/2018",
		"planValidationDue": "11/04/2020",
		"reportScoreL2": 0
	},
	{
		"submissionGroup": 100101234,
		"planName": "Florida",
		"paidThroughPeriod": "202106",
		"submissionControl": 23497,
		"submissionReceivedDate": "2/10/2012",
		"mode": "Open",
		"submissionCurrentState": "Combined",
		"category": "Production",
		"status": "Ready for L2 Review",
		"lastUpdated": "5/12/2020",
		"planValidationDue": "4/21/2011",
		"reportScoreL2": 0.5
	},
	{
		"submissionGroup": 100101234,
		"planName": "Florida",
		"paidThroughPeriod": "202110",
		"submissionControl": 23498,
		"submissionReceivedDate": "7/20/2021",
		"mode": "Open",
		"submissionCurrentState": "Medical",
		"category": "Production",
		"status": "Ready for L2 Review",
		"lastUpdated": "7/20/2021",
		"planValidationDue": "4/21/2020",
		"reportScoreL2": 1.2
	},
	{
		"submissionGroup": 100101234,
		"planName": "Florida",
		"paidThroughPeriod": "202110",
		"submissionControl": 23499,
		"submissionReceivedDate": "6/14/2015",
		"mode": "Open",
		"submissionCurrentState": "Medical",
		"category": "Production",
		"status": "Ready for L2 Review",
		"lastUpdated": "9/06/2018",
		"planValidationDue": "11/04/2020",
		"reportScoreL2": 0
	},
	{
		"submissionGroup": 100101234,
		"planName": "Florida",
		"paidThroughPeriod": "202110",
		"submissionControl": 23500,
		"submissionReceivedDate": "2/10/2012",
		"mode": "Open",
		"submissionCurrentState": "Medical",
		"category": "Production",
		"status": "Ready for L2 Review",
		"lastUpdated": "5/12/2020",
		"planValidationDue": "4/21/2011",
		"reportScoreL2": 0.5
	},
	{
		"submissionGroup": 100101234,
		"planName": "Florida",
		"paidThroughPeriod": "202110",
		"submissionControl": 23501,
		"submissionReceivedDate": "7/20/2021",
		"mode": "Open",
		"submissionCurrentState": "Medical",
		"category": "Deployment",
		"status": "Ready for L2 Review",
		"lastUpdated": "7/20/2021",
		"planValidationDue": "4/21/2020",
		"reportScoreL2": 1.4
	},
	{
		"submissionGroup": 100105678,
		"planName": "Florida",
		"paidThroughPeriod": "202110",
		"submissionControl": 23502,
		"submissionReceivedDate": "6/14/2015",
		"mode": "Open",
		"submissionCurrentState": "Medical",
		"category": "Deployment",
		"status": "Ready for L2 Review",
		"lastUpdated": "9/06/2018",
		"planValidationDue": "11/04/2020",
		"reportScoreL2": 0
	},
	{
		"submissionGroup": 100104321,
		"planName": "Florida",
		"paidThroughPeriod": "202110",
		"submissionControl": 23503,
		"submissionReceivedDate": "2/10/2012",
		"mode": "Open",
		"submissionCurrentState": "Medical",
		"category": "Test",
		"status": "Ready for L2 Review",
		"lastUpdated": "5/12/2020",
		"planValidationDue": "4/21/2011",
		"reportScoreL2": 0.5
	},
	{
		"submissionGroup": 100101234,
		"planName": "Florida",
		"paidThroughPeriod": "202110",
		"submissionControl": 23504,
		"submissionReceivedDate": "7/20/2021",
		"mode": "Open",
		"submissionCurrentState": "Medical",
		"category": "Deployment",
		"status": "Ready for L2 Review",
		"lastUpdated": "7/20/2021",
		"planValidationDue": "4/21/2020",
		"reportScoreL2": 1.2
	},
	{
		"submissionGroup": 100105678,
		"planName": "Florida",
		"paidThroughPeriod": "202108",
		"submissionControl": 23505,
		"submissionReceivedDate": "6/14/2015",
		"mode": "Open",
		"submissionCurrentState": "Medical",
		"category": "Deployment",
		"status": "Ready for L2 Review",
		"lastUpdated": "9/06/2018",
		"planValidationDue": "11/04/2020",
		"reportScoreL2": 0
	},
	{
		"submissionGroup": 100104321,
		"planName": "Florida",
		"paidThroughPeriod": "202106",
		"submissionControl": 23506,
		"submissionReceivedDate": "2/10/2012",
		"mode": "Open",
		"submissionCurrentState": "Medical",
		"category": "Test",
		"status": "Ready for L2 Review",
		"lastUpdated": "5/12/2020",
		"planValidationDue": "4/21/2011",
		"reportScoreL2": 0.5
	},
	{
		"submissionGroup": 100109876,
		"planName": "Florida",
		"paidThroughPeriod": "202110",
		"submissionControl": 23507,
		"submissionReceivedDate": "7/20/2021",
		"mode": "Open",
		"submissionCurrentState": "Medical",
		"category": "Deployment",
		"status": "Ready for L2 Review",
		"lastUpdated": "7/20/2021",
		"planValidationDue": "4/21/2020",
		"reportScoreL2": 1.3
	},
	{
		"submissionGroup": 100105678,
		"planName": "Florida",
		"paidThroughPeriod": "202108",
		"submissionControl": 23508,
		"submissionReceivedDate": "6/14/2015",
		"mode": "Open",
		"submissionCurrentState": "Combined",
		"category": "Deployment",
		"status": "Ready for L2 Review",
		"lastUpdated": "9/06/2018",
		"planValidationDue": "11/04/2020",
		"reportScoreL2": 0
	},
	{
		"submissionGroup": 100109876,
		"planName": "Florida",
		"paidThroughPeriod": "202106",
		"submissionControl": 23509,
		"submissionReceivedDate": "2/10/2012",
		"mode": "Open",
		"submissionCurrentState": "Medical",
		"category": "Test",
		"status": "Ready for L2 Review",
		"lastUpdated": "5/12/2020",
		"planValidationDue": "4/21/2011",
		"reportScoreL2": 0.5
	},
	{
		"submissionGroup": 100109876,
		"planName": "Florida",
		"paidThroughPeriod": "202110",
		"submissionControl": 23510,
		"submissionReceivedDate": "7/20/2021",
		"mode": "Open",
		"submissionCurrentState": "Combined",
		"category": "Deployment",
		"status": "Ready for L2 Review",
		"lastUpdated": "7/20/2021",
		"planValidationDue": "4/21/2020",
		"reportScoreL2": 1.2
	},
	{
		"submissionGroup": 100105678,
		"planName": "Florida",
		"paidThroughPeriod": "202108",
		"submissionControl": 23511,
		"submissionReceivedDate": "6/14/2015",
		"mode": "Open",
		"submissionCurrentState": "Combined",
		"category": "Production",
		"status": "Ready for L2 Review",
		"lastUpdated": "9/06/2018",
		"planValidationDue": "11/04/2020",
		"reportScoreL2": 0
	},
	{
		"submissionGroup": 100109876,
		"planName": "Florida",
		"paidThroughPeriod": "202106",
		"submissionControl": 23512,
		"submissionReceivedDate": "2/10/2012",
		"mode": "Open",
		"submissionCurrentState": "Combined",
		"category": "Test",
		"status": "Ready for L2 Review",
		"lastUpdated": "5/12/2020",
		"planValidationDue": "4/21/2011",
		"reportScoreL2": 0.5
	}
]
